filename,chroma_stft,rmse,spectral_centroid,spectral_bandwidth,rolloff,zero_crossing_rate,mfcc1,mfcc2,mfcc3,mfcc4,mfcc5,mfcc6,mfcc7,mfcc8,mfcc9,mfcc10,mfcc11,mfcc12,mfcc13,mfcc14,mfcc15,mfcc16,mfcc17,mfcc18,mfcc19,mfcc20,label,
minge101.wav,0.380254862,0.068935983,2634.884383,2805.964771,5791.057712,0.127777878,-206.8328111,80.04314175,18.19788427,22.5156682,9.352628919,7.624589603,5.547612003,-1.807084793,-6.15844153,-4.046459193,-0.039887057,-1.764822885,-6.404223442,-5.732384095,-4.664209548,-3.215310568,-1.874431782,0.520513694,-2.095713262,0.770502582,minge,
minge102.wav,0.336084789,0.083217859,2536.297881,2830.31802,5783.613519,0.108898048,-132.6458048,83.5863214,16.27866817,23.89578261,12.15775837,9.746774371,8.546557563,-0.331402485,-5.532405561,-3.32801296,-0.207340781,-2.939267885,-7.99331425,-6.537822374,-4.601341349,-1.027930334,-0.533994992,0.631880413,-3.607392758,-2.829877625,minge,
minge103.wav,0.287776884,0.099319458,2378.789442,2550.335169,5048.611854,0.102579847,-132.2328951,89.3728042,7.370034538,32.60006907,2.955408558,-0.951412086,9.653818212,4.549252327,-17.54240159,-5.01998189,11.64461296,-2.904098048,1.478758043,0.39663069,-14.14091433,-1.145842979,-6.601992018,-6.530799982,-4.18789628,-1.144495651,minge,
minge104.wav,0.278157036,0.105908163,2265.02662,2484.244029,4739.8527,0.096812237,-129.1332674,91.66711555,8.955921887,36.11138736,0.902612599,-2.005450163,10.99405183,3.16572968,-18.88569686,-3.469511317,9.048167881,-6.421987267,0.183855088,1.289945702,-11.5661695,-1.409979275,-5.085329139,-4.372393981,-4.771380656,-0.010922101,minge,
minge105.wav,0.30935343,0.10365621,2372.321437,2531.468423,4890.784966,0.102417842,-114.8086678,87.8670457,2.613398765,35.07624642,6.741852387,-5.827902875,3.044648961,1.558030335,-15.44899154,-3.906923887,6.700271986,-10.81647185,-7.794188562,3.019564265,-7.386826736,0.786632823,0.71186746,-0.961097141,-3.90413906,-0.461978945,minge,
minge106.wav,0.348537086,0.101467125,2365.468268,2579.254157,4954.810023,0.098502529,-115.7883493,86.49997609,4.309743573,35.87386652,13.78039594,-0.903080857,3.506860138,1.244301341,-13.97327448,-4.359794215,-0.084621007,-9.857315779,-5.526313092,1.597238465,-7.147835965,-3.761814626,0.272994317,0.559440718,-2.445107841,0.894706758,minge,
minge107.wav,0.330026225,0.092388183,2667.397418,2844.49485,5956.303813,0.119966511,-114.8097249,76.86827938,12.03741936,24.42387818,12.26095522,8.383032567,7.880244816,-0.027401139,-7.770637547,-4.652085085,-1.483931396,-2.079747992,-5.700028092,-4.469244872,-6.196905955,-2.07653276,-0.682688292,-0.197972647,-2.907901586,0.948614569,minge,
minge108.wav,0.329589746,0.096162163,2619.320735,2850.540024,5885.159309,0.111843596,-117.0160604,78.97570197,15.01231913,24.40772282,13.12358624,10.44448105,7.933446728,-0.985055956,-6.077485137,-3.927337673,-1.468851523,-2.686944064,-7.326964693,-5.970728914,-5.376258184,-0.83778149,-0.677773249,-1.208963302,-3.751494292,-2.36387706,minge,
minge109.wav,0.297349114,0.142259777,2541.627127,2270.833636,4745.623199,0.173862112,-116.4622775,84.167347,-9.913373354,46.76630118,7.073031616,4.325429907,17.3742408,-6.633675612,-12.77402156,8.386673653,-9.498029031,1.483810539,8.010233265,-8.681978445,-3.173256224,-5.804074004,-8.638651098,0.78392736,-0.002422973,-4.975032419,minge,
minge110.wav,0.32435253,0.137744889,2522.365902,2181.024858,4422.924918,0.179268326,-104.1786925,82.67761762,-19.11396626,49.12337094,11.76269791,8.221853903,16.89542096,-11.80897115,-9.530380125,15.24739701,-13.03947116,-1.976758614,6.559909874,-7.141917612,3.378633196,-5.10532708,-7.932202873,5.894233494,-0.277050012,-4.92652912,minge,
minge111.wav,0.36736744,0.131481066,2625.382033,2209.86089,4569.960224,0.186139383,-88.87832398,79.51011176,-25.71474736,42.8744895,6.729609078,8.45279758,19.09381843,-11.44752962,-9.386481754,10.78312231,-11.81776227,-5.115834595,-2.621925884,-14.96484215,-1.622699708,0.91947142,-0.82020339,8.120020064,0.434801518,-6.898605865,minge,
minge112.wav,0.384216798,0.122341767,2719.505251,2352.660332,4881.916883,0.175398329,-82.86929139,76.92722568,-17.84984193,40.48173834,5.087252241,-1.988943294,20.18956813,-3.56586399,-12.21694876,6.880192203,-9.474308719,-3.159927676,-0.02998791,-11.83969585,-2.924639047,0.596396013,-5.288845911,0.613967077,-2.167460882,-3.310178007,minge,
minge113.wav,0.384389767,0.148165226,2505.36518,2234.364277,4508.05851,0.162591992,-72.41484023,85.65560837,-22.43693486,42.68447067,5.842868595,-2.879211756,14.70159015,-7.952524392,-13.04369571,8.219284628,-7.621661739,-0.948602096,1.937316043,-10.48495972,-7.368934523,1.288487741,-6.094776286,4.412632242,-2.056487036,-4.822277461,minge,
minge114.wav,0.343316502,0.143423423,2745.781117,2400.735693,5065.273857,0.173645728,-62.11192847,73.2321027,-20.04293836,32.98035102,4.16845389,1.107102932,13.11971335,-8.578504791,-13.90810302,13.23537958,-7.044212416,-0.8807869,-0.426537316,-7.699354523,-8.830161431,-1.68513074,-5.814377039,4.003669796,0.662338407,-5.129031961,minge,
minge201.wav,0.319886589,0.054851808,2169.430542,1915.978576,4028.157854,0.132848753,-316.474593,81.99092695,-30.65819097,36.26531184,-15.5759937,-2.595925445,4.440932849,2.545579479,-13.34384748,-4.252927161,-1.150905752,4.341617581,-2.301234482,-10.83783306,-12.24338279,-12.79093315,-15.69550901,2.890357067,-4.483065636,-1.691533092,minge,
minge202.wav,0.281016923,0.062349629,1979.812792,1678.323936,3547.982413,0.147450741,-221.9111521,118.0156077,-42.09073878,47.06517094,-5.250104395,-0.066058234,16.41057418,0.959692927,-10.53440951,3.923054687,-13.83307918,12.37845659,13.18120039,-3.933176242,1.483727635,-7.806891091,-4.1719475,7.387203492,-9.621822925,-8.641799297,minge,
minge203.wav,0.268381345,0.082369074,2104.814967,1572.666743,3675.857664,0.158617768,-189.6319514,115.5769859,-59.42561364,43.43005547,-13.65524838,-3.057614563,13.87421246,-9.258594931,-19.4747869,4.555448111,-12.18292918,14.20493198,16.70378272,-0.006172394,3.033753388,-3.981035233,-5.928873301,6.300648907,-12.39778441,-8.96884272,minge,
minge204.wav,0.281689471,0.084637776,2452.827357,1806.056738,4061.306996,0.178648628,-165.3496519,83.49108072,-54.48558739,33.3180633,-21.19601709,-7.256700897,13.21581839,-4.224469289,-17.22535256,5.090527733,-5.442448825,16.53027745,17.2147217,-2.951206635,-5.235793753,-6.462571665,-10.7502231,7.391940321,-8.069126318,-8.569817167,minge,
minge205.wav,0.279508215,0.076831102,1997.258469,1710.072353,3429.949484,0.137716838,-175.0109057,108.9977906,-54.01168043,19.08461823,-4.623642203,-6.410296279,4.488596456,-1.220987573,-9.190088709,6.065939186,1.537423339,4.800227265,-6.119526459,-1.640136533,3.415697222,2.659589725,-1.92353243,5.966862216,-16.16601559,-9.880619613,minge,
minge206.wav,0.330711797,0.063460171,2010.796292,1792.856732,3284.188184,0.13393634,-187.2628522,116.8628194,-41.80493214,29.07410973,17.853512,-20.49306584,-11.61460114,12.16956537,-19.0242644,5.816573335,4.029838581,3.679876571,-5.119352356,6.329044823,-13.13913587,-5.248044742,-13.34331133,3.66938831,-10.07051603,-1.477438715,minge,
minge207.wav,0.330107282,0.056930799,1641.149636,1752.716779,2967.735032,0.092474351,-222.9902302,140.4345118,-20.41654499,20.33923498,4.549080505,-22.93119517,4.913999818,15.33676829,-21.1500598,7.896554941,7.824362166,-2.051712265,-0.254267318,2.480876148,-14.44885344,-2.768942669,-11.10480409,3.396419185,-9.539873911,-1.90716616,minge,
minge208.wav,0.285786914,0.038374942,2258.85975,2306.478034,4425.797677,0.12439503,-236.3893688,92.57319937,-7.215724429,27.34946433,-2.33750786,-6.927910611,1.788770741,9.734812416,-1.762641684,1.93327839,-1.01135103,5.81294522,-0.305726369,-4.11006504,-11.7608858,-2.598934428,-6.836351511,-0.689447946,0.416171562,2.145724516,minge,
minge209.wav,0.230848789,0.056855928,2355.453165,2211.995421,4484.25208,0.142940654,-210.5363678,84.83679977,-12.56901831,32.11093279,-6.872659411,-7.572651133,3.640442626,11.04250613,1.098335817,-1.591246681,-13.54414662,-0.151592012,-0.002459426,2.321911774,-3.998922657,1.082398828,-3.019571715,0.033195321,-5.527932208,-2.631098027,minge,
minge210.wav,0.257255532,0.061931379,2453.431081,1811.048875,4127.805125,0.181410646,-223.6998864,85.45709944,-49.39294343,40.7733291,-18.78795026,-4.921106673,14.387355,2.982404753,-11.50571618,4.792722808,-10.94022884,8.817273502,2.93206086,-5.706983852,2.441088756,-3.288794634,-1.037381493,7.074766885,-11.18196603,-8.890166334,minge,
minge211.wav,0.254335739,0.081493147,2294.715732,1756.790031,4012.095384,0.160144921,-192.7936631,97.02924488,-51.53913597,29.47463803,-13.52743454,8.415726513,8.748980288,-12.02265101,-5.63036838,12.4158837,-17.07938492,12.85250516,10.10032557,-0.051862165,7.4283532,-7.90950288,-4.170515523,8.683173732,-1.612649977,-10.80270233,minge,
minge212.wav,0.264677646,0.070297614,2537.638631,1958.696539,4457.273125,0.159655507,-195.2382002,64.90610071,-54.51628287,29.72454746,-10.47901358,-6.263313903,3.062455633,-1.873244305,1.097535315,3.65515122,-24.03476365,-6.273678912,-5.600993942,4.154774637,9.926176921,7.987131704,1.297702945,6.979191493,-5.291080142,-10.15258734,minge,
minge213.wav,0.316242015,0.060720179,2281.842284,2121.810787,4038.15006,0.144404365,-176.8969747,96.04166566,-27.63419504,19.58964981,-4.100692921,-14.63608178,5.02447731,20.0012942,-7.515630923,1.488088457,2.322123856,1.139761278,0.008864266,2.268907991,-11.70398393,-5.503187286,-5.810442082,0.361883228,-2.390532845,-0.339287145,minge,
minge214.wav,0.339539186,0.071888626,1998.255749,1969.575096,3457.777777,0.120548824,-159.4787171,115.010757,-29.9531158,13.87090949,-8.95362802,-25.48842937,0.464547689,14.73038735,-24.04121817,2.916751395,-0.274726086,-2.864171731,0.419569703,5.295422965,-13.9696476,-5.538503335,-7.013276648,-0.425485648,-5.362548139,3.770167917,minge,
minge215.wav,0.295461203,0.062609069,2488.180139,2012.89925,4387.702393,0.169466448,-209.5489089,80.62358497,-25.47581307,42.80988452,-17.72005069,-7.919128743,8.13748856,-4.031122638,-9.255353797,8.071841921,-0.939103277,17.99590582,-0.28695711,-6.724824579,-2.852031659,-2.744012537,-3.293665014,0.999833948,-4.088782062,1.91841967,minge,
minge216.wav,0.273839987,0.079214714,2181.429292,1902.256201,4069.375702,0.132614242,-194.9668976,96.7568748,-32.53681296,29.82678538,-18.37894201,2.794689415,10.30396055,-7.395936137,-5.638576904,7.380574122,-12.18219568,7.530235564,-3.805102259,-10.14448929,-3.204889494,-1.24337614,-4.22693064,4.646220503,0.029464318,0.808853279,minge,
minge217.wav,0.286956825,0.079132639,2358.299239,1965.258858,4270.019191,0.14906966,-176.8114392,80.33785601,-42.81543124,23.90665451,-17.50120052,1.655037666,4.081221992,-17.04232662,-13.85069492,2.022875779,-16.38068362,-3.346322554,-0.08760597,0.692418819,1.03292171,-2.007505917,-5.895747921,6.264704081,-1.57195052,-6.405203059,minge,
minge218.wav,0.290209688,0.056899492,2052.669627,2013.627732,3720.772629,0.123196418,-220.4545729,104.074616,-27.94672936,17.68541041,6.658324438,-12.29344746,-3.275474874,9.817905501,-9.384722524,11.46413141,4.026043267,4.433414444,6.149647541,8.387797931,-12.31483645,-8.034029498,-9.723278901,-0.153131342,-5.515368678,1.521346174,minge,
minge219.wav,0.374855996,0.077669464,1911.364138,1859.456399,3312.915775,0.114865049,-157.7066593,123.0674958,-37.17084915,17.6196729,6.336551827,-22.69906443,-6.160634404,13.02238422,-20.0899155,3.095898879,7.715661289,6.242725222,-5.421721575,1.836684131,-10.21562624,-5.420479094,-5.875478081,4.947364271,-9.580062293,-2.942022181,minge,
minge220.wav,0.355946962,0.088587694,1979.179876,1826.242877,3206.373883,0.132009272,-138.1727582,118.5417355,-49.13177308,5.665218782,-1.004773588,-23.71603264,1.786227088,17.33284637,-20.27454656,6.663047805,9.756355728,2.67121862,-7.333692906,2.714978452,-10.30579975,-3.304112053,-5.21256891,7.272470716,-11.29583,-1.943383865,minge,
minge221.wav,0.301136038,0.081895493,2554.748917,1797.250292,4112.04242,0.184776501,-169.5358556,71.18710456,-53.99485209,42.99295867,-10.6275236,-3.220959656,12.29241844,-7.82735951,-10.17939136,4.605017344,-11.19451911,10.89371612,7.059658971,5.574048777,4.581525831,-3.532914983,-3.476686568,7.551178266,-2.816032861,-4.689712819,minge,
minge222.wav,0.276543769,0.0831246,2389.954644,1891.146093,4275.115216,0.152719874,-167.8598054,81.87060438,-47.26128201,34.00411382,-5.560896202,11.83870623,4.120749522,-14.32924602,-7.462297164,6.705743471,-18.32757234,0.255498172,-3.288577857,-1.074103152,6.266904336,3.370694877,-2.148054715,7.163506861,-0.014939978,-2.879039967,minge,
minge223.wav,0.288853805,0.079987191,2485.769804,1764.043644,4060.057971,0.186837252,-194.4690806,80.2311232,-42.67088615,51.09862553,-14.43416901,-0.110781261,14.5227135,-8.879327304,-12.31062325,9.191881875,-16.60406504,0.939572665,-1.780191751,3.294327099,5.753436857,-6.963758299,-4.659497588,3.248175076,-2.404793338,0.657111382,minge,
minge224.wav,0.294711919,0.084167168,2538.595194,1775.260552,4238.643666,0.195272848,-161.6288861,86.81400129,-56.01647907,46.55071307,-13.99036899,1.179324401,8.467725069,-12.26011235,-16.13591048,2.665556955,-17.75387354,4.947891554,10.43160529,-2.110900239,-0.889502008,-8.289303997,-10.86726229,7.651229757,-11.12130435,-7.125889952,minge,
minge225.wav,0.287214954,0.097613327,2809.115499,1836.813309,4455.549469,0.20840093,-163.3796491,49.45074411,-62.1391481,37.42903154,-16.82811593,8.770735517,-2.666985151,-21.45944994,-14.70914242,4.448433299,-5.806701194,11.9562646,7.999646985,-5.471697637,-5.442371732,-3.94852292,-8.490187593,3.098589266,-13.45592987,-8.05856682,minge,
minge226.wav,0.239293428,0.038412374,2028.210844,1939.671541,3792.191918,0.115781567,-268.7737882,89.42704663,-33.06257862,30.79228685,-17.98711887,-5.836179122,-3.650565178,-6.445977994,-1.855924414,11.9620659,-4.023243964,-0.871007264,2.05258262,9.034843234,8.952855645,9.21348552,4.328587899,4.80666579,-13.08973654,-12.05688451,minge,
minge301.wav,0.341722168,0.094204172,2202.703701,1886.961898,4153.210308,0.124801742,-135.1468472,105.1680286,-43.70391523,40.24673305,-27.36449028,-8.369307993,-11.13595088,-1.263466027,-16.03309043,-0.989757904,-8.01992089,-0.004903203,-4.597878559,-2.324892087,-4.651233248,-2.20535762,-10.93111661,-5.306163973,-4.346233478,0.158099507,minge,
minge302.wav,0.417089376,0.096136533,1964.603927,1651.419929,3535.791922,0.130313316,-110.4164348,122.3600778,-58.36671795,37.67729156,-38.05983649,-20.79729126,-1.41754041,4.006298132,-24.59767374,1.527175013,-4.055901358,-0.182461679,-2.663113064,0.914140826,-1.255813992,-4.033257985,-11.30591193,-0.868732882,-6.515891901,-5.218780354,minge,
minge303.wav,0.402053815,0.09499108,1855.53754,1639.548224,3420.007239,0.118407637,-113.6701075,128.8527134,-55.79141203,37.10249801,-34.08226755,-16.38274856,-6.040575645,-0.468580905,-20.29367027,1.121276979,-5.816357127,-2.843413329,-2.894271306,-0.594165552,-5.680280785,-5.76201282,-11.58628822,-1.706815095,-7.076320319,-5.635099512,minge,
minge304.wav,0.341250946,0.083203144,1687.201335,1516.366211,3024.715585,0.102968433,-158.7023852,137.464767,-53.83564715,40.9066648,-24.34928637,-26.21880901,-11.820407,10.62744897,-26.73775835,-8.76108545,4.299353602,1.185620905,-1.188411074,1.340499621,-3.604488404,-1.41370734,-8.612082232,0.370993835,-1.110165775,-3.697595593,minge,
minge305.wav,0.399356145,0.096548587,2012.653444,1646.099363,3475.538922,0.134381571,-114.138617,115.373614,-60.7182258,42.83239402,-25.7832811,-22.3076717,-16.90480064,1.288168416,-24.11223912,-0.517713487,1.854177835,-3.383308673,-6.943255631,-1.992204065,-5.280889976,0.033114193,-5.132010855,0.457754669,-5.528694702,-5.845911075,minge,
minge306.wav,0.394120837,0.098302357,1931.555221,1698.468043,3590.299404,0.121311267,-110.6604321,122.6303494,-51.15913531,43.04260078,-32.58519978,-16.64092419,-5.734775597,0.045283968,-20.9317498,0.825269222,-4.917405075,-0.583781948,-4.148209473,-3.216324501,-3.955575116,-3.225555154,-10.83466793,-2.390953699,-3.275111796,-1.023230093,minge,
minge307.wav,0.415038661,0.097067341,1971.282722,1690.126144,3565.943402,0.128619626,-107.897862,120.8997127,-53.56423793,38.5700823,-36.75400379,-20.29446297,-1.773268042,4.999748386,-23.62320374,1.432262243,-2.937311266,-0.706340252,-2.074980086,0.842786715,-1.167408985,-3.748296818,-11.16614987,-0.921218137,-6.31270366,-5.595768015,minge,
minge308.wav,0.414904337,0.095799066,1883.017437,1680.592987,3488.803575,0.1196459,-109.3797078,126.4862566,-52.01608759,38.21712626,-34.75812867,-16.22773836,-5.42869591,0.953589025,-19.90897581,0.772894858,-5.080846927,-2.781334824,-2.486618127,-0.376320567,-5.718547194,-5.226722864,-12.27952526,-1.924113301,-6.909425411,-5.556913022,minge,
minge309.wav,0.310570641,0.07650429,1937.508225,1639.560117,3671.610977,0.118844937,-164.2591373,123.6187698,-53.95376213,46.65712644,-37.52795647,-10.14315518,5.099699601,-11.78598591,-17.71008396,6.084690131,-15.60259475,-2.31398968,3.963192303,-2.418491125,-4.674564786,1.305314543,2.673237908,4.222218661,-0.948516502,0.206383525,minge,
minge310.wav,0.373468955,0.095800519,2075.191895,1660.974474,3695.867056,0.137630737,-114.8012962,111.8082579,-64.50269822,39.89685707,-34.18669668,-11.36046535,-5.647757088,-7.798672856,-17.93166148,6.224148095,-9.098621828,-3.17323838,-0.835534024,-1.952409888,-4.616527257,-1.002274935,-4.244065473,1.416134294,-2.503123291,-0.900440791,minge,
minge311.wav,0.394950948,0.096484259,1932.955358,1704.402984,3585.578086,0.121153794,-112.0526296,122.7517598,-50.56455195,43.28653787,-30.50867858,-17.61923034,-6.638529655,0.508110669,-21.64938988,-0.0086446,-4.166838255,-0.347312721,-4.523230659,-2.738573787,-3.369033449,-2.827411913,-10.39637916,-2.128965708,-3.833139092,-1.656474821,minge,
minge312.wav,0.410398843,0.096901461,1949.032677,1679.564804,3538.864525,0.124918431,-109.6544143,122.047889,-53.67335608,38.54409199,-36.71734376,-20.07501417,-2.170175852,4.805452013,-23.55105188,1.357935767,-2.476540044,-0.391520647,-2.33470053,0.718093904,-1.392114497,-3.234843005,-11.17203384,-1.127085506,-6.233532193,-5.310814643,minge,
minge313.wav,0.420441957,0.09621688,1877.71987,1661.275155,3485.006537,0.119625508,-107.6765941,128.2377599,-54.45105676,38.53200268,-34.87715297,-16.79852022,-5.335890384,1.540129396,-20.11375724,0.964641321,-4.735125685,-2.998634966,-3.038851206,-0.776500797,-5.696820392,-5.465382524,-13.00049046,-1.620882626,-6.554928631,-5.171429409,minge,
minge314.wav,0.386893005,0.086416803,1865.065437,1550.319477,3393.527894,0.122201729,-136.3998794,129.3463951,-64.48645566,42.91912602,-33.15315453,-20.59935203,-4.680661642,-4.892540624,-20.10211365,1.909074405,-2.743688112,2.185495474,-1.55056402,-2.702297074,-1.888366514,-2.126590031,-8.130756958,0.689319627,-3.658355131,-4.581031506,minge,
minge315.wav,0.386551492,0.09741202,2046.706697,1672.790996,3637.212809,0.13523578,-111.2869882,115.1983297,-58.62648143,41.57056264,-38.25413879,-22.38149839,-5.460924776,-1.218363031,-23.72486547,1.568578009,-3.774236678,-1.875656486,-4.081769351,-1.917617463,-4.662737114,-2.61067682,-8.096200024,-0.467464932,-4.481816516,-4.733547553,minge,
minge316.wav,0.39988647,0.095636293,1882.356059,1642.879376,3504.041689,0.119355877,-116.0986308,128.6532314,-54.55786399,43.71289922,-33.33028868,-18.06721024,-3.239182384,1.286242751,-21.50421808,-0.286531031,-5.550952652,-2.320568994,-4.567585041,-2.592048189,-3.343395059,-2.563818928,-10.03682126,-2.361481965,-3.142581118,-1.066461742,minge,
minge317.wav,0.416011012,0.0999704,1926.674783,1655.484734,3490.177503,0.125096297,-106.8262145,124.3005604,-55.47257359,38.99076788,-36.94127026,-19.19866421,-2.747490638,5.850182748,-24.16364568,1.05843155,-1.72295709,0.087770518,-2.284219132,1.202406364,-1.467675893,-2.952415909,-11.46789441,-1.648610511,-5.316724229,-4.747304366,minge,
minge318.wav,0.400182617,0.102231212,1857.591775,1652.508101,3460.275828,0.115331805,-105.273507,128.8412869,-54.44286437,38.15790642,-35.62740238,-18.03497674,-7.563057055,0.776211207,-22.41719051,0.722511625,-6.224746794,-2.564350565,-0.979590998,1.839496353,-4.989269699,-4.726958657,-12.56283175,-2.898563301,-6.088366863,-4.620441954,minge,
minge401.wav,0.270413202,0.059519354,1452.17333,1174.807609,2552.284103,0.10310778,-340.9373096,132.1431034,-26.52210872,-13.99846598,2.425884056,-9.99987137,-5.540192021,-2.683996262,-8.554215848,-6.640585455,-6.354087101,-6.804668427,-5.136430124,-1.746722093,2.657443531,4.332198057,2.108970162,4.253307349,6.134556509,-0.889977021,minge,
minge402.wav,0.152814114,0.169794098,1459.961202,1356.885307,2100.011895,0.099473427,-233.8368516,128.7812413,-43.9654087,-20.17626357,-3.549352084,-10.24625779,-4.194227537,4.534625726,-7.151377231,-4.604251149,-3.768729104,4.381196717,4.773414344,2.376025229,-0.569130147,3.999542205,-3.792666799,-0.24639001,1.49849987,4.33132183,minge,
minge403.wav,0.154932001,0.174572155,1379.959834,1275.018795,2119.746502,0.087667443,-232.9348036,135.0186175,-46.75652315,-17.57328652,-5.473302712,-19.78343422,-12.15229776,6.601342172,0.449774504,-3.501475593,-1.764913356,2.777296603,-3.334662362,-5.393208144,-1.347265259,6.866708213,2.182812642,10.23186436,10.85374439,1.460834896,minge,
minge404.wav,0.183286212,0.195136026,1228.793113,1190.575166,2059.768287,0.081555431,-199.4693958,159.4572221,-38.08590497,-1.393012585,5.625508859,-17.69036282,-19.26170444,2.473031932,6.464341934,2.098543367,-4.311885027,-4.464884214,-7.723504279,-3.510213413,-5.301591549,-3.400443881,-7.395940959,-2.898616821,-2.78468979,-2.102235287,minge,
minge405.wav,0.197105965,0.182761118,1211.837145,1183.144334,2076.055582,0.083270646,-189.1615874,163.4138087,-38.40184193,0.490898643,7.685421267,-18.39926096,-13.17861685,5.039044985,0.045044934,-4.108534754,-5.964780171,-6.172158957,-7.629173062,0.310323324,-0.220927712,-3.345171884,-9.223552292,-5.506947528,-6.472689404,-3.999405624,minge,
minge406.wav,0.215231847,0.097162515,965.2948629,910.2279428,1669.322852,0.070170887,-242.9128781,193.0263306,-41.14005831,2.588317351,12.73319233,-8.667679698,-6.14991267,1.631206309,-1.509346121,-0.577317751,-3.010330467,-4.776741824,-7.365971226,-3.202239652,-2.594000319,-5.956927361,-8.445929138,-6.338921524,-4.315888773,-1.79303283,minge,
minge407.wav,0.188931167,0.160341203,1189.369362,1097.557091,1930.1444,0.084274398,-192.147513,176.9433712,-48.83469855,-3.246264293,6.992922301,-6.485853568,-11.51119418,0.300965169,1.46145087,2.88252727,-0.355485037,1.953515239,1.431830654,-0.266816716,-1.75352334,-3.80977276,-11.05347158,-4.532945374,4.642655823,3.570243483,minge,
minge408.wav,0.204430517,0.12320628,1126.588485,1053.954335,1881.5573,0.079262435,-225.3298323,172.5248597,-46.23753957,-0.773097584,8.627545672,-13.92655783,-20.67614443,-9.124545711,-6.698920909,-6.729651523,-4.69137566,-4.189137634,-2.661900016,0.512498856,-2.809788643,-2.955685239,-1.659994515,2.737748834,3.042619589,-0.322537333,minge,
minge409.wav,0.214146018,0.13266103,1124.851623,1089.586842,1942.110066,0.078339119,-195.3434347,185.1899294,-50.09341596,4.6738763,10.21914542,-6.850479033,-11.08304213,4.165818736,-2.883337136,-1.987600787,-6.390396381,-9.093039319,-9.776538504,-5.116671593,-2.404736709,-0.063942593,-4.134293257,-2.580136867,-2.523201588,2.423263816,minge,
minge410.wav,0.224305693,0.092483789,1035.880989,975.618651,1793.825735,0.076094838,-239.44954,190.6406749,-47.33220226,3.420960829,10.19443056,-6.700963897,-7.485242689,4.185184357,-0.083483064,-0.096265229,-5.660405428,-9.746099798,-9.019416255,-3.652476492,-3.39003617,-4.452214934,-6.549399314,-4.702907546,-5.977750649,-2.311832345,minge,
minge411.wav,0.197712909,0.160852939,1231.482723,1172.674392,1935.540191,0.078867052,-231.3363522,145.4145653,-35.64623348,-11.37928793,4.182038273,-13.90898921,-10.34592205,4.020491139,-0.226648124,2.208110502,-0.224321429,0.367421034,-3.499443895,-4.193944159,-3.438768799,-0.602968425,-5.29109862,-3.340019052,-4.835716647,-1.665187275,minge,
minge412.wav,0.1606465,0.154680535,1502.143483,1371.575707,2236.78021,0.101382368,-222.4615802,129.7715333,-47.86824904,-18.13401762,-5.402102512,-13.53665255,-5.112985192,6.131573361,-6.270060103,-6.601937791,-1.82408631,6.807576541,2.606922201,-2.598055202,-4.041966306,3.44139495,-0.974015673,6.173868404,8.728394073,4.092277576,minge,
minge413.wav,0.160657813,0.217557102,1367.533764,1281.122257,2174.878496,0.09046798,-194.5785569,140.4645352,-45.19218437,-11.61689216,-5.290344619,-21.74797427,-13.33897661,9.205746191,5.089359001,-2.94324473,-7.054303547,-2.052249947,-6.274956654,-4.375752542,-0.874629977,6.082801838,-0.671613698,4.395993835,4.520171218,0.28028042,minge,
minge414.wav,0.184837363,0.211589485,1235.469221,1212.816078,2104.958037,0.08130166,-184.2061441,160.4421899,-40.16501857,1.603544839,3.267164849,-19.85612976,-18.29211521,1.7130829,2.530534713,-1.720946437,-8.805002099,-10.18291011,-11.8458745,-5.198923455,-1.280652853,-0.790654121,-6.153155381,-0.02594305,-3.651952026,-3.760569021,minge,
minge415.wav,0.208668808,0.095639408,1057.877283,1098.62896,1716.086375,0.079881,-304.5076142,155.0109814,-22.12856046,4.331561119,15.68892064,-0.741481238,-5.903739327,0.003106219,-3.362018517,-2.016794821,-0.083022865,4.77036611,5.468158949,0.541236342,-6.7370487,-10.69883011,-13.55848337,-11.22847463,-7.232458362,2.26285858,minge,
minge501.wav,0.245324264,0.087397031,2241.735611,2160.185588,4341.738247,0.127288464,-172.8640266,88.25067065,-20.54758384,37.88460438,4.408729669,8.004295884,-2.785670941,0.257174545,-9.120728571,4.866703829,-2.177270503,2.688245288,-11.23928715,-8.854917694,-7.069125837,1.1172216,-1.02462289,2.133398693,-4.96037912,14.43889629,minge,
minge502.wav,0.310926769,0.12177071,1809.552941,2010.577705,3748.401077,0.08786117,-131.6421869,114.4657344,-11.4510643,42.0448118,-2.152762468,8.167599454,-5.304461452,1.92032822,-7.133349292,-0.052716584,-11.44601939,-3.503106779,-7.066887472,-2.355633921,-4.084769948,-0.337994654,-3.782970178,0.393946156,-5.121493485,4.798975972,minge,
minge503.wav,0.295252605,0.124407656,1401.726049,1793.923571,2957.318158,0.06194601,-147.0334266,140.2305014,-9.651465196,38.34531689,1.014785492,5.508464242,-3.640771578,0.199478535,-10.33634142,-0.372817182,-8.810738993,-1.716895117,-9.426544599,-6.245629247,-6.02354677,-1.890926576,-6.045283838,-3.088422728,-7.921092378,6.285961299,minge,
minge504.wav,0.238642733,0.07220047,2098.564548,2600.259398,4564.464511,0.075171522,-231.2984176,102.2975355,18.48879606,22.12556889,14.9793208,-2.564183256,15.10809816,-8.98605423,0.729043261,-0.463806659,-15.39146959,-3.178770191,3.422951005,-0.498146681,-6.421297257,-1.892674763,-1.200346591,0.283388544,-1.209833634,5.231247174,minge,
minge505.wav,0.201993906,0.100538425,2270.064343,2520.090724,4821.588942,0.101069687,-198.1872631,94.94240047,8.274448259,17.40988488,9.683820076,-3.905659704,18.56487083,-20.0425472,-7.253224156,1.533630538,-16.83457743,5.824429318,-5.635692541,-1.294357225,-0.8335713,4.718529424,5.681578411,5.673237395,9.551185854,5.357654039,minge,
minge506.wav,0.208355428,0.081452362,2169.146725,2652.667987,4619.996193,0.071494118,-214.0657294,96.15794164,12.56680084,27.77046224,18.17843499,-17.90106116,12.03373117,-12.03791864,3.787148721,0.332493782,-24.21467124,0.111571051,-4.716438078,-0.380195587,-4.712802578,-1.095490609,0.002607365,-2.136661657,5.53368556,15.74286794,minge,
minge507.wav,0.257487157,0.082378261,1491.841899,1900.423224,3084.643838,0.058508782,-204.3960396,132.5300982,-11.35867791,35.95588039,7.267827271,4.400750345,8.26464947,-0.612188723,-1.655678489,1.892426881,-12.44415541,3.57421701,-6.189545049,-6.332806201,-6.659998606,-3.602870878,-5.585752013,-2.853968111,-4.596525457,3.443590903,minge,
minge508.wav,0.220425717,0.109383285,1994.503875,2466.089524,4106.19698,0.078204303,-183.9916245,102.5800037,14.4787527,18.9007592,9.254836378,0.546475252,18.49948605,-16.83736993,1.077436643,1.122041539,-23.31204657,-2.895184297,1.029635954,2.427087081,-3.986227187,-4.502690774,-3.62225274,-2.651075818,4.766634823,7.419088717,minge,
minge509.wav,0.240879219,0.147307754,2190.100609,2354.847872,4372.264435,0.099908461,-134.0538629,92.80967421,-2.844722231,23.03738415,1.311290004,0.294694272,14.94767414,-8.830840406,-3.548172246,-1.678741695,-22.19326371,4.906856654,-5.729959145,-5.397952517,-4.17436161,2.504636236,-1.113034578,5.967198411,14.39713507,6.480469523,minge,
minge510.wav,0.229366373,0.11722254,1960.16756,2388.463951,3877.925043,0.068306129,-169.6616902,105.0013188,6.284720234,32.82110131,13.03017219,-18.87208749,16.63728975,-17.65623542,0.680675174,1.392248606,-24.27332034,1.089528525,-9.572531806,-7.187244897,-9.363996646,-5.590010725,-0.91526353,-2.768686365,4.499180384,13.51442601,minge,
minge511.wav,0.258529149,0.229103625,2220.76373,2212.456884,4133.026052,0.118523193,-80.20366605,94.92854031,-17.82194719,24.08999089,10.61883529,-3.662064186,6.279270992,-12.29897188,-3.627290103,1.948237576,-13.08459284,9.046944183,0.254739571,-1.554534077,-4.930335974,-0.011959852,-3.502285081,-10.07529512,-8.798305482,4.005121778,minge,
minge512.wav,0.243561452,0.216618598,2401.759285,2381.949986,4694.887775,0.121993275,-76.61382254,90.77147692,-9.799850277,18.3688273,-2.362047895,-1.839373876,8.708968037,-16.11096567,-5.502842086,-0.074148378,-19.50786475,4.932226871,-4.134722484,-2.678555774,-4.625077733,0.043932814,1.027918143,4.719061618,2.849310169,0.330474524,minge,
minge513.wav,0.230355042,0.195427731,2332.353931,2362.118595,4486.250521,0.115908452,-82.58236162,92.10420886,-15.78445239,19.09281103,1.91181375,-5.569155814,14.78804301,-18.69218161,-6.893071441,1.124874947,-17.20661958,9.913634326,-0.726594365,4.888253883,3.789080143,-4.787420207,-8.190688163,-8.169203076,-2.008271075,8.964306589,minge,
minge514.wav,0.266558524,0.223082066,1950.518702,2036.534634,3929.534785,0.10807556,-61.00021159,114.1297281,-15.384006,32.89345667,-2.173634752,14.25691992,1.640867648,-6.150346945,-13.05585295,8.525129123,-4.612691056,1.120907094,-10.34117898,-0.167609144,1.063306574,-3.223627943,-9.946933314,-9.106523721,-6.832219283,10.32857137,minge,
minge515,.wav,0.33665069,0.294316918,2570.462148,2506.159657,5163.12253,0.132409186,-23.09784405,78.38670763,-13.1360424,21.6519675,-0.365343797,-0.131751927,16.43893633,-6.346811733,-7.550815237,9.935850617,-18.01336219,6.346749554,-8.682329171,-2.138149208,-3.567681406,-3.037531506,-5.644367343,5.390774091,-4.580213034,-0.049770916,minge
minge516.wav,0.276190409,0.278207153,2255.32538,2447.260547,5062.176273,0.095407437,-67.66095828,84.47140794,1.740609287,24.05159239,-8.456014035,10.34288277,-1.258248932,18.68000874,9.135244303,17.71103933,-1.948426253,-1.613850409,-9.847764054,-4.586900087,1.544103582,3.707860063,1.155607432,11.11147158,2.180635912,-3.384669437,minge,
minge517.wav,0.279223743,0.264090627,2227.09803,2432.254056,5068.421401,0.093300237,-77.79373176,86.11274145,0.481205765,22.02955964,-8.262642664,10.21399969,-3.663841562,18.75862624,7.52440756,14.48394742,-0.55803934,-1.753332814,-8.78692143,-6.359787825,-0.126968444,4.112192056,1.811035264,10.35791165,1.948681818,-2.648508487,minge,
minge518.wav,0.332746146,0.295118958,2497.136501,2472.652366,4933.651528,0.128126813,-26.90035559,81.61515846,-12.15830615,23.74236483,0.405045101,-4.011479771,16.35396422,-5.920684721,-7.837023637,9.625058115,-16.50325102,7.42794446,-8.330687212,-3.400970346,-3.576387276,-2.543534478,-5.724786697,4.877579074,-5.050434204,-0.536392518,minge,
minge519.wav,0.348439869,0.266160041,2531.699405,2553.645284,5420.571708,0.119736532,-44.55708638,75.67715144,-4.885410436,24.96524707,3.2594417,2.694567984,-4.531289657,13.19382504,-10.3694607,8.297150299,-0.12711164,-4.263793722,1.644402333,-0.037140421,-11.1328831,-0.329665523,-7.194356823,0.566827696,-2.973905154,-1.379347151,minge,
minge520.wav,0.259279197,0.108915038,1859.18191,2276.813287,3673.334632,0.071127057,-182.1071861,116.3702501,6.407467512,15.10950104,8.423516826,6.702373309,4.131040887,-8.345462602,4.838109387,0.787572747,-9.910929601,-3.744874816,-12.31790779,1.756375517,-3.623395391,1.092390839,-9.900897906,6.752784419,1.937385405,9.734809986,minge,
minge521.wav,0.225785707,0.10566628,1796.008923,2238.943093,3515.008134,0.063450506,-203.9646993,112.5888113,-5.559702118,5.55472516,-2.757861194,-7.166929817,-2.698365771,-18.87868178,2.690485343,-13.54990489,-9.029725878,-10.81683255,-16.99384006,-5.693612356,-12.87705043,-3.738237273,-6.764643564,6.868659945,2.984766286,8.412226253,minge,
minge522.wav,0.16826654,0.040236704,1165.266139,1186.247197,1709.591441,0.072182923,-377.8785161,99.03328354,-26.19263921,-21.9540425,-12.06954002,-6.543326184,-11.51349483,-12.73207631,-7.193046223,-0.164939353,-5.754344345,1.438950541,-3.216638272,1.900495429,0.086394888,2.377613379,-0.083153871,3.062692977,-2.715660713,-0.811840188,minge,
minge523.wav,0.372340047,0.225301832,1992.310318,2108.678954,3946.946203,0.095089092,-70.94502031,101.859867,-19.64957775,30.17341178,12.39021579,1.845602338,9.201528659,7.407772266,2.744452906,10.20531386,-7.57756318,9.04766453,-3.49466148,5.466293602,-3.229885316,0.308586298,-3.790172866,2.963234506,-1.181659385,1.473722464,minge,
minge524.wav,0.311023003,0.231093496,2489.742343,2522.390865,5093.651721,0.12481647,-37.80693448,87.10459583,-7.762825394,12.81420728,2.924142124,0.325307549,11.15886119,1.315625699,-5.06570688,7.990359115,-16.65161577,1.800688871,-9.503048469,5.910351824,-5.14522497,0.693265802,-2.521060855,9.430812629,-0.087477452,5.677099207,minge,
minge525.wav,0.334666613,0.242481411,2287.369323,2466.605364,4730.460027,0.09360159,-66.14068001,86.64323155,-6.357010467,32.34641918,14.3634437,-5.32181634,12.46278181,7.131305641,-2.876295453,5.943977154,-9.086627191,6.194514746,-9.11354344,3.156697849,-7.524289111,-0.14438462,-4.085980931,4.525359026,-0.975125007,6.738927035,minge,
minge526.wav,0.277364305,0.317661464,1974.979351,2252.148192,4400.317553,0.092695267,-78.27878247,93.28144732,6.387369186,32.7778003,-2.166466927,17.11383099,-2.719607386,12.58822387,-8.038089381,2.368517304,1.28367788,12.52777362,9.990438813,4.010001455,-5.428766944,10.27685028,7.483271404,2.1275978,-1.767137298,12.06533173,minge,
minge527.wav,0.3362852,0.320856929,2317.647457,2429.088886,4785.54206,0.097685705,-61.89305143,76.95614037,-3.432576388,20.10144551,-4.416678354,-2.35527623,4.057088684,-5.947241522,-0.308997406,7.79471228,-20.29420517,8.86002162,-8.403852339,4.934285498,-1.03466277,0.841650054,-3.719669266,3.205114273,-3.018121982,1.708256435,minge,
pakistan101.wav,0.307360392,0.14208512,1395.321126,2140.996158,3109.499449,0.039736577,-172.0726017,119.3048951,22.4611186,23.2279514,5.489040368,16.19882092,-0.379176585,8.974124686,-3.953880844,8.512848108,-7.778618368,-1.655165403,-6.321645314,4.306725884,-7.668354875,-2.612991194,-5.232089636,1.068857945,-6.307925541,-4.072042047,pak,
pakistan102.wav,0.305233641,0.242971033,2490.662376,2843.19941,6014.508411,0.086409921,-50.68929056,88.28302478,20.69603299,18.69502154,1.893625583,6.783115677,1.52784355,-3.23029147,-10.04914666,8.891512079,-10.80684862,1.860554373,-6.923629023,-2.717555009,-9.17469555,-3.781713328,-14.766416,0.785607924,-16.64030664,-0.716815411,pak,
pakistan103.wav,0.304485549,0.227752954,2363.214497,2834.277392,5901.621468,0.07216593,-68.262197,91.41951769,27.65160014,18.52851049,0.329053603,11.75094191,5.290369711,-3.649211765,-9.503266539,9.58139351,-12.42153211,2.450585437,-4.194605658,-2.995645631,-6.250048098,-2.090800919,-13.4568293,-0.360848628,-13.42875191,-5.848572913,pak,
pakistan104.wav,0.265793611,0.282997996,2190.498296,2785.431021,5384.175099,0.074805594,-53.93580279,101.9499829,26.7785502,8.271442295,-0.209210744,-2.313764746,3.572254241,2.574206448,-8.96446644,6.119953,-8.521584329,-4.94224563,-7.566822234,-0.389553074,-10.21793753,1.933819731,-2.259467573,2.091216759,0.132249262,1.919770577,pak,
pakistan105.wav,0.281692814,0.252263814,2924.805607,2512.003389,5752.662662,0.156238671,-11.75815054,56.2888728,-12.69750667,32.52456588,-10.57390721,-1.255452197,-10.19834537,5.600359129,-8.930083352,0.300829531,-12.9590611,-5.588140876,-8.92903879,4.105532291,-4.545942824,0.939628991,-6.167693603,1.790011998,-9.215607584,-4.932013111,pak,
pakistan106.wav,0.331864342,0.258426458,2375.631221,2670.400439,5406.832426,0.096158552,-55.81030894,84.54145266,14.15503082,29.34186148,5.148211131,0.440309496,1.511876702,8.930409859,0.243920135,0.390019022,-8.129593368,14.35466196,-0.905696697,10.01946789,-2.23062715,-2.214567413,-2.479507397,5.774186622,-4.16388196,-0.683347464,pak,
pakistan107.wav,0.259644249,0.299521714,2403.775232,2666.501891,5464.462471,0.093022676,-43.46048581,89.19853822,15.4207332,-0.854194652,-19.07067704,6.894139751,-1.304613709,2.923782257,-4.439938809,-1.217105656,0.62757414,-2.789216645,-7.614005998,-0.301751533,-10.23449966,0.450007703,-9.792723676,13.02250548,7.488368933,11.42981406,pak,
pakistan108.wav,0.268014984,0.140042171,2349.738577,2750.112478,5483.922292,0.093049866,-99.63024826,97.13225719,19.74487542,13.47196942,1.074670424,-1.961700894,3.007668141,-2.793736009,-9.15976007,4.245150396,-8.186083752,6.722725159,-11.87634938,0.232906682,-4.602466305,-4.77078177,-9.297499578,0.542027348,-7.925881708,7.33464196,pak,
pakistan109.wav,0.350361456,0.258805513,2798.673659,2848.342997,6331.061485,0.11378086,-15.70632255,73.27894857,14.03887308,25.85383377,6.121927701,11.61880633,-0.497457427,9.807265422,-4.643993666,6.332332805,-3.385120968,8.431398935,-5.516444008,0.683026126,-6.200802869,-4.876580753,-5.441006396,2.100501667,-9.320176392,-1.955235012,pak,
pakistan110.wav,0.384762213,0.272890389,2134.372798,2544.455801,4909.095683,0.073021271,-27.14658583,97.07290589,8.178931111,28.71751169,5.469901924,13.84134649,2.309733466,6.521176323,-5.606847562,5.933771486,-6.305738081,4.158242089,-4.210912072,1.327336201,-11.13374251,-4.481982666,-9.307237717,3.957423401,-11.19032953,-5.051660021,pak,
pakistan111.wav,0.30114435,0.276446849,2434.281525,2661.208502,5500.983983,0.097830717,-16.09309246,84.90987666,7.438000417,22.92409011,-2.923843337,10.91321867,4.662024596,-1.310736638,-2.849892591,9.627974995,-8.132614908,7.386335469,-10.03212333,-5.214889748,-7.945934005,-10.72421198,-11.73117631,-1.485533625,-10.01190366,-2.085807331,pak,
pakistan112.wav,0.271918828,0.285566032,2214.394336,2784.315328,5434.510835,0.07650948,-47.53683543,101.5132273,25.30196982,6.91135528,-1.602905558,-0.880991641,4.686508797,1.324370333,-9.819296344,8.964158368,-7.216165112,-3.585993785,-5.119749211,-1.184221273,-10.80634091,1.612958883,-3.753755588,-0.041169857,-0.912307088,1.053933062,pak,
pakistan113.wav,0.299374515,0.260475606,2605.085611,2411.529374,5094.026428,0.14836726,-8.886021978,76.23732468,-13.43973334,30.79440722,-5.846085204,4.506499818,-1.861335066,3.257216086,-5.939025477,6.026144408,-6.72517888,0.391669269,-6.892062133,3.075398328,-7.196533774,2.822405514,-2.375559663,6.639602336,-4.843674267,-4.332062962,pak,
pakistan114.wav,0.35963171,0.159247726,1438.828214,1923.21166,2835.413249,0.055255084,-132.7364953,135.4495729,2.275117101,20.75125813,-0.759416262,7.004280832,2.670460825,4.964068335,0.553978375,10.81818444,-3.075776921,6.63201074,-3.696289464,-1.705632548,-8.415232296,-2.550952824,-5.552812745,6.379205597,-5.657204283,1.03891485,pak,
pakistan115.wav,0.378778184,0.218429536,1997.822847,2408.656535,4397.919423,0.072450288,-65.49956971,106.6873822,5.185145596,28.24382399,13.24691214,8.387924729,4.467901628,1.629041854,-3.283977843,10.87205871,-7.128232145,12.42506747,-6.846229386,-0.431382503,-1.951606332,-1.304895388,-5.421970167,2.135337931,-13.04407431,-7.403444622,pak,
pakistan116.wav,0.38307359,0.234157667,2584.224826,2623.844732,5519.194778,0.114288401,-26.73727468,82.29066918,-1.051245376,29.41894213,6.043595664,7.312901154,1.671540987,0.236525192,-2.917653414,16.14342826,-13.68581163,17.18073806,-7.556701594,2.711078311,0.889984851,-6.848126506,-6.270512728,3.029698251,-14.30584519,-6.251583896,pak,
pakistan117.wav,0.323413295,0.188042969,2263.975918,2431.380999,4964.527443,0.087434065,-80.29139423,95.04820204,-2.641993092,20.17765231,-1.759964728,5.96157493,-9.363118893,7.783868783,-8.532907379,-2.176732857,-8.199259315,0.704159325,-3.874903896,-3.849346399,-3.874785127,1.198362819,-8.895982273,-3.612428776,-8.521051587,-3.495779738,pak,
pakistan118.wav,0.357556405,0.289772481,2488.43531,2711.052546,5771.223184,0.105234239,11.59753581,88.07973655,9.572969362,21.88542975,0.321066047,5.002278017,-4.005129167,10.9037873,-5.225140317,2.531350585,-0.124629586,5.453868907,0.051466969,3.663286265,-4.716163261,2.816125055,-7.155893011,0.758867437,-4.309905051,-0.325154426,pak,
pakistan119.wav,0.343806059,0.296686262,2304.258324,2597.612549,5337.311655,0.081465931,-42.19564366,89.85455497,8.907557366,16.666229,-5.390395243,8.733434282,0.687680456,11.81715627,-12.43055916,8.88010944,-6.972073267,5.479149774,3.188215614,5.429222435,0.753822663,5.863567462,-0.866975111,11.45749684,5.166479469,8.562422213,pak,
pakistan120.wav,0.275893788,0.204902738,1706.447895,2325.750736,3693.593829,0.058784078,-102.5761184,116.5191686,17.39663129,21.83161205,5.861865559,10.71252466,-3.720524774,1.155431311,-3.210250717,0.241676702,-7.219750632,-2.533222624,-8.193351265,-0.708891756,-7.683446197,-1.166645376,-9.913986745,1.38465201,-12.66814287,-4.687086702,pak,
pakistan121.wav,0.228303902,0.323232979,2668.482289,2881.470927,6372.903846,0.101780017,-0.015729814,78.7624146,16.83056487,11.06479739,-12.29634265,2.24455009,6.54812727,-0.200217284,-12.41573615,10.29418431,2.558258283,8.845397831,3.79524949,-1.088745355,-11.69838469,-3.326264776,-7.198703328,0.82090602,-10.4137177,-5.406387599,pak,
pakistan122.wav,0.302922299,0.068976492,1621.263629,1872.185913,3268.625324,0.065284676,-208.1218906,116.6476159,-27.20672031,20.90674736,-12.60000352,11.53771029,-11.42831361,-13.13722766,-11.30406692,-4.943105218,-3.552911397,-1.6780533,-7.43366065,0.866087969,1.306005748,-2.991624497,-8.582687597,0.782450133,-8.458828904,-2.930817545,pak,
pakistan123.wav,0.272822092,0.08401902,1911.580171,2069.0486,3865.359844,0.078149924,-199.9960304,99.18799079,-19.00025828,19.84727416,-9.403522691,10.51973289,-12.43670321,-10.92444058,-8.845231026,-1.813848916,-5.702800574,-4.222404842,-7.852501284,3.235813045,-1.662972594,-2.61985065,-9.035022683,0.837515318,-5.433959702,-4.20801851,pak,
pakistan124.wav,0.286402023,0.260587543,1927.051586,2452.698912,4321.628933,0.067897151,-74.56530639,107.5370661,19.73744586,16.07583942,6.288875419,8.657996514,-5.156660483,6.235519636,-15.00671711,8.511761483,3.293556458,-0.988803663,-1.289136839,1.917360867,-6.967904587,4.315577947,-5.911869767,1.933114811,-8.612643632,-0.27134651,pak,
pakistan125.wav,0.234088033,0.272852808,2450.072403,2835.784248,5551.069914,0.102476753,-65.80525169,97.03565818,18.92308817,5.626084002,23.74153738,-12.32878429,2.912654779,8.655783674,-2.966236925,0.596789254,-10.15765743,3.836330533,-6.691254929,7.485600847,6.419196273,3.409660896,-1.051214418,-0.714866957,-4.431650909,7.035502455,pak,
pakistan126.wav,0.183543168,0.504152894,1408.290897,1766.930509,2569.295833,0.051133583,-65.28907548,123.3840016,-14.23229349,17.82955539,-5.795718338,-2.450071452,-21.76095239,-14.97002468,-15.58900277,-5.222259911,3.377879129,6.415410045,7.645943543,11.14113958,-1.310552272,0.675131041,-6.929955934,-10.16056641,-10.26612951,0.004168702,pak,
pakistan127.wav,0.346321826,0.214789867,2184.420807,2428.823054,4608.929826,0.097336771,-97.18398936,100.9456473,5.806919728,26.22233032,5.416037011,-1.450875443,-1.106161326,0.633414992,-9.638944112,7.511754242,-0.699305262,5.027264362,3.404804939,2.524280033,-1.511999182,-2.889491527,-5.601128175,-1.813090516,-4.057535012,1.308563806,pak,
pakistan128.wav,0.359030275,0.227852121,2154.586655,2544.157135,4895.980913,0.088406096,-50.96335748,102.3030704,17.34009573,20.8004821,-1.758978047,14.67133158,-1.10038105,-1.391796999,1.153214029,4.245102569,-2.677943873,6.984730511,-4.739490299,0.861622818,-3.516312544,0.816576846,-1.712203315,3.765098575,-4.80994769,4.407512647,pak,
pakistan129.wav,0.292927797,0.095824629,2385.650085,2804.6509,6124.197848,0.066756317,-153.8164068,85.24864961,25.31790485,29.60727096,12.61132423,17.18629419,-3.496725092,15.98663877,-10.76642269,9.021352248,-1.61074934,-2.359794598,-5.144009327,-0.030825851,-2.854110942,-5.674371311,-3.668911239,-3.084191167,-7.132140496,3.61413131,pak,
pakistan130.wav,0.28175369,0.178878143,1928.722087,1378.886261,3478.33674,0.121348653,-101.4975098,139.2589666,-110.8364288,54.43334609,-38.61825949,-9.696368518,-10.62611964,-22.94752735,-6.340525078,-18.14274501,-11.14153351,-6.31542601,-12.47787052,-2.533578119,-5.05371941,-11.89525186,-3.17647595,-10.26105614,-4.409396591,-5.298567756,pak,
pakistan131.wav,0.321030784,0.137644619,1863.49109,1349.039091,3350.861176,0.127440273,-123.2014185,147.4283108,-107.4286313,58.38482307,-31.12070411,-11.10702497,-5.190530481,-21.89028381,-4.046215926,-16.95393022,-11.97300419,-7.334368309,-12.92392573,-0.189146335,-4.412609142,-9.319018784,-0.636227793,-8.29111029,-2.320742319,-4.32194263,pak,
pakistan132.wav,0.435993566,0.388615996,1632.000561,2197.976827,3705.409612,0.047385939,-67.99144385,116.1854629,12.84195666,28.23244958,8.39225931,11.60845806,-4.845145813,10.52640202,-6.740570261,12.28954104,-8.065303028,17.20390792,-3.431091011,6.857096725,4.389068034,-2.432226172,-0.089697846,1.952996575,-4.030631147,3.325888722,pak,
pakistan133.wav,0.261843416,0.1215645,1763.115364,1891.677753,3496.747378,0.093114441,-127.0083214,118.8797055,-30.66272763,21.13477657,-15.50087021,-4.261289734,-3.531588907,-11.55066402,-7.08914311,-3.41154449,-15.60411679,-7.140126244,-12.25049088,-3.782157411,-6.368687361,-4.873879285,-11.76193906,-4.194826569,-9.722176505,-0.281586087,pak,
pakistan134.wav,0.223287613,0.163165137,1815.972306,1858.818149,3635.688998,0.092314612,-125.7561227,122.1568744,-19.4250479,27.71895298,-29.72386034,2.687195987,-8.414980021,-0.559921094,-13.47463984,-8.955820727,-9.995821205,-4.904107863,-18.41440451,0.382008043,-9.456868311,-2.907349088,-5.424836576,-1.8692169,-4.525297998,-4.380422179,pak,
pakistan135.wav,0.223925827,0.191079095,1675.484812,1685.386651,3365.724582,0.074586944,-130.7144649,124.5249631,-37.17950506,42.72366961,-24.47874621,-8.264031683,-9.758704166,-2.018779226,-9.320098233,-4.475347043,-8.900487818,-3.976829551,-12.18456925,2.312704396,-2.444376122,-1.770213984,-1.699470552,0.268275157,3.461837856,6.752865684,pak,
pakistan136.wav,0.222406758,0.19334349,1655.356051,1566.077117,3048.222248,0.094224686,-124.6518257,129.7205745,-41.97158704,34.20182217,-25.39257083,1.29416823,-15.41834008,-7.756149211,-12.27661185,-7.424905279,-9.112746466,-1.349405379,0.80581262,7.160172514,-0.335238577,-5.25749577,-9.400991738,-6.277634073,-3.812419734,-2.901115949,pak,
pakistan137.wav,0.228556032,0.235329926,1655.405951,1602.896926,3241.72131,0.084858976,-112.4061848,124.1263959,-49.22904896,33.87189312,-28.64548912,1.324765115,-9.840752477,-6.470020721,-6.071659812,-5.29375788,-13.35953934,-6.048997148,-14.78521549,-1.5449097,-2.254198934,-3.878906191,-2.813364508,-1.845039268,2.246180358,8.02327006,pak,
pakistan138.wav,0.309751238,0.287604392,1562.764967,1631.337081,3235.051513,0.07425387,-55.01841771,148.6508602,-30.12053326,55.0447792,-29.50698508,-0.025471567,-24.5157565,2.918609586,-18.65163166,-1.269470064,-12.01632307,-6.225016347,-9.121420583,-3.323938389,-6.375814412,-1.047521815,-1.43513904,-0.04073613,-0.959633147,1.14345489,pak,
pakistan139.wav,0.318055052,0.313241988,1554.164038,1505.322622,3178.445668,0.087540558,-28.02075718,160.7304716,-56.86004741,56.62105597,-29.82230877,2.617004127,-12.8476632,6.560790428,-13.49632595,-1.134655219,-8.212091485,-2.451169515,-9.147411492,-3.896564004,-4.442996648,-1.21072502,-4.18578938,-1.941924818,-3.610107339,-0.63022339,pak,
pakistan140.wav,0.273627001,0.192768842,2152.17493,2650.100664,4899.528146,0.07750077,-109.3748724,107.1973877,15.38064906,11.30239328,12.49915112,-7.37165234,4.690554816,2.90879574,-4.367602916,4.523645237,-5.044797436,3.031749801,-8.887962695,0.172937018,-8.741234762,2.648592569,0.647377973,8.731804612,4.147935629,9.09711408,pak,
pakistan141.wav,0.169960288,0.186278582,1977.54889,2388.076936,4311.961474,0.08240964,-118.6945711,108.3143139,9.265850832,5.437426355,-6.397202171,5.099865544,4.248255318,16.53563303,-0.337249034,2.718205656,-8.927982355,-5.91490201,-2.938922958,11.63990819,5.8642727,12.71750216,4.865172091,3.821054152,-6.505885934,1.218820609,pak,
pakistan142.wav,0.440373378,0.165045902,2020.559736,2491.039407,4725.963534,0.070755465,-79.36140954,102.0357706,7.727872342,31.48289539,9.979886904,11.1321605,0.7399459,10.64600384,-3.879794885,5.463594032,-3.388958146,5.035060124,-1.62300521,1.090475075,-2.936025607,3.538417087,-1.045429298,4.764661794,-1.463233759,0.916777255,pak,
pakistan143.wav,0.239046876,0.20969899,1684.159126,2245.693085,3707.507976,0.06535265,-79.24423762,121.2440221,9.027538,18.32069783,2.594377409,3.145361642,-1.867983282,12.03751893,1.507916636,8.787468686,2.14869951,4.855060752,-6.417795063,-3.960259872,-5.654564014,2.475194971,1.031560233,5.963250478,-0.607132899,7.207315742,pak,
pakistan144.wav,0.333729691,0.183976725,2025.625073,2180.77297,3893.263078,0.096381734,-74.18699472,107.5099108,-12.48318815,24.24904834,4.570514036,2.710781619,-2.936812538,3.498211002,-13.55417744,-4.932979492,-8.425652642,1.013741743,-8.161171369,-1.785268332,-9.990154137,4.770703452,-6.228140884,1.37678137,-6.100291905,-0.633549347,pak,
pakistan145.wav,0.364443716,0.111939639,2118.694428,2400.579434,4398.593897,0.08656966,-120.0116647,101.44068,-2.874338217,24.28847131,2.563462133,0.191983673,-1.214176554,-0.239936853,-13.45904219,-4.550950825,-10.65809075,2.38837639,-5.588621562,0.372402671,-11.24675255,0.838386168,-10.73745612,-0.014015334,-8.663054609,-0.428415464,pak,
pakistan146.wav,0.429311591,0.026131535,1352.701775,1780.239884,2969.908337,0.051143779,-328.6201117,135.4960898,-21.12421467,44.7348006,9.15278457,14.83180273,17.70279275,7.16399574,6.872344553,6.329255089,-0.945495426,-1.201252332,-6.223428562,-1.923895624,-0.970116196,-0.41186761,-3.543377345,-0.240013339,-1.015727096,-0.327691477,pak,
pakistan147.wav,0.40877452,0.03400391,2353.456394,2534.156768,5216.455928,0.102493746,-230.973694,92.50692174,3.636869835,26.04411261,3.444500753,17.44909723,6.388753107,14.60809847,-1.638760302,9.479702843,-0.392547114,3.885637594,-4.573076097,2.183168896,-6.100695754,0.439381763,-4.712378552,-0.374668269,-2.446845805,-1.45974155,pak,
pakistan148.wav,0.276567334,0.098512761,931.5524236,1166.65246,1680.039493,0.046642755,-223.6696496,183.1825505,-34.77565364,30.9018486,-5.236705383,19.60223854,-9.141261592,-9.927399786,-10.03835777,-16.53777037,-5.899021702,-3.045623959,-3.712381597,-7.985309631,-1.426751974,-6.784773128,-2.51813582,-0.812254084,-6.139639933,-7.604336004,pak,
pakistan149.wav,0.231472256,0.097154923,1250.229974,1404.558164,2283.019142,0.06025232,-208.8999254,156.8170099,-34.32450689,18.44447725,-20.65748948,-1.391014006,-3.691674602,-4.300281734,-14.07771148,4.577430001,-10.58117502,5.264246406,0.201007569,-3.181839079,1.110192856,-3.476976111,-3.597865637,3.88746764,-9.076857628,2.524707503,pak,
pakistan150.wav,0.219992555,0.106778182,1477.903985,1504.247144,2858.195478,0.078770755,-206.6629335,134.9754373,-34.80855612,21.12627523,-25.09192406,-2.733927426,-6.011746807,5.064938368,-1.808627388,3.555173597,-15.7043663,0.648038727,-1.319135786,-6.602134751,4.943150481,7.697986152,13.92273742,10.81370753,-5.742567753,2.527997958,pak,
pakistan151.wav,0.334193489,0.145364702,2709.879524,2606.755898,5682.692242,0.131865393,-75.69511584,78.20443438,-10.10730044,21.50941893,0.303685734,11.70089188,5.779200549,-0.202413501,-4.968379537,9.836242227,-3.311746293,4.977616262,-6.111006865,-2.819313866,-4.691985172,8.288544601,-1.858943922,6.442794949,-1.76444385,0.138255243,pak,
pakistan152.wav,0.321660412,0.09740074,3080.312414,2963.39577,6741.566273,0.130374492,-119.1638037,72.65190473,10.83314951,23.23496747,9.191727048,9.173158833,-1.586423805,-0.76822676,-8.562866721,2.799236829,-6.042724611,2.782558064,-8.294563244,-1.64014263,-3.713459756,5.07256424,-0.710354291,4.767543935,-6.399368822,-4.983899594,pak,
pakistan153.wav,0.324466535,0.143655106,2615.602908,2625.18058,5670.951401,0.108059699,-90.57756408,82.96802397,-1.98687794,26.83938387,-0.035460865,6.124984651,2.297540866,2.902628625,-8.90955881,8.678007501,-1.245883422,6.65129627,-4.911498988,-4.926693905,-4.836599186,6.437548577,-2.529625598,2.290452624,-6.461371216,-3.043934601,pak,
pakistan154.wav,0.35625817,0.076282375,3243.564293,3129.309151,7162.76272,0.132865746,-151.7716875,70.60572061,17.82730859,19.16631513,13.76253066,10.52219937,1.955577978,-2.442848176,-10.45747644,2.835479214,-4.205435548,4.98618298,-7.444209959,-1.687796989,-3.133684084,4.226610636,-3.293539808,5.813750296,-5.567706155,-3.664497105,pak,
pakistan155.wav,0.300782836,0.070714407,3573.860761,2978.608584,7494.703791,0.184731185,-146.1422059,44.14918241,-8.964091999,-4.378932454,-5.687180837,1.216763912,-2.039903167,-2.943775352,-5.957889217,3.534281321,-15.6520869,-2.779685715,-13.5803673,1.087274782,-13.70016576,-3.506889901,-9.981141001,-4.963302122,-5.64595545,9.137507835,pak,
pakistan156.wav,0.389508752,0.101285771,2842.476053,2922.95546,6670.171963,0.119261846,-113.7545203,74.39178799,9.012073619,12.21943158,0.855098485,2.558133647,-0.506919169,7.578112666,-0.67413832,7.836831158,-5.474278248,4.001567557,-4.657709454,5.538172271,-7.575629347,3.720896894,-5.405432863,1.415160122,-1.146738013,6.329810738,pak,
pakistan157.wav,0.240518475,0.09339238,3008.271647,2958.610895,6916.205046,0.122256109,-142.8559934,66.11558792,10.43163558,3.080075768,-8.487815325,-9.326597624,-12.72619976,-5.510452941,-16.37037307,-1.071817836,-19.99702941,-7.59453846,-17.02620822,-1.628604733,-13.71640439,5.963794283,-2.349505006,1.40989283,-7.478987912,-1.673724413,pak,
pakistan158.wav,0.535920887,0.242670164,2478.15455,2893.619423,6126.895743,0.067779329,-41.24481682,81.53598234,16.95583701,26.26080844,8.877322092,17.69927723,7.914310503,12.96336606,2.815192293,9.119015077,4.429836624,7.483224382,-0.035822353,3.99008709,-2.077086925,5.159018662,-1.823496978,2.843498272,-2.342540423,6.156121652,pak,
pakistan159.wav,0.275749233,0.314072341,1619.324102,2202.394388,3406.217995,0.061947143,-58.90164213,122.6335697,10.60741968,21.21610386,13.56577033,7.626061907,1.497764428,9.601723313,-14.61523885,12.99406167,-2.668987575,-2.128547204,0.362937249,-3.481057017,-1.832256636,6.309828471,-8.470934564,4.793890113,-12.70429891,-0.185392326,pak,
pakistan160.wav,0.302527243,0.251953006,1847.330459,2337.944294,3976.44819,0.072991816,-72.1804031,112.8258914,11.14884272,16.90472355,10.50263763,4.430099263,-3.271702044,7.339133664,-12.7025949,14.45589385,2.768753637,-0.642250846,3.946690992,0.372436888,-1.071307448,6.551007127,-4.681006838,4.890560811,-8.211978075,-1.375455341,pak,
pakistan161.wav,0.337087285,0.187000662,1950.979875,2363.870163,4196.801305,0.081914561,-65.25739392,109.4951417,7.761617538,29.98017408,3.934078687,-0.640984644,-3.945121893,4.764696099,-13.12231724,-3.224535515,-5.57882222,3.179193373,-10.34062827,0.021598352,-9.053682804,-2.953104634,-4.464195339,6.055971667,-8.076676427,2.570693168,pak,
pakistan162.wav,0.297417759,0.403476417,2355.328861,2609.743457,5221.177245,0.096450841,21.70483718,90.92186303,2.329264558,23.83999564,6.434298324,4.854313146,-0.501502835,3.835975054,-2.177249572,6.330408653,-6.03061801,2.747373971,-9.112810557,4.036821649,0.597538297,4.721349305,-0.087569256,2.639182013,-8.059155015,2.288835425,pak,
pakistan163.wav,0.364212689,0.050046835,2435.092227,2568.88698,5353.798794,0.100024018,-254.5987771,82.10956166,30.9434216,31.54634288,-7.364975695,24.56212397,-5.315488143,13.84802826,2.527940577,10.95613716,2.632065624,4.777089779,-3.839947764,-2.908562081,-6.686218003,2.88690478,-5.469159939,1.958055588,-2.727928769,-5.050428446,pak,
pakistan164.wav,0.344789396,0.044202749,3019.25731,2698.08457,6196.766241,0.142328886,-226.922053,54.74230216,17.78921386,33.411798,-11.38935631,6.96217565,-12.64971518,7.857559631,-14.94471577,1.770911617,-4.314232956,1.454832242,-1.197166846,1.423869321,-5.769575449,4.14263097,-11.34669494,-1.318043393,-3.75458119,-2.805082104,pak,
pakistan165.wav,0.211704918,0.227089226,1652.867558,2202.752258,3518.530387,0.049704992,-113.7636434,112.7101253,4.873705769,28.08324971,1.579279621,1.708086092,5.843378698,-2.545146062,-15.09466618,-1.525632071,-8.746497613,-1.973498783,-5.538031718,-5.396747751,-1.929798311,-9.945749686,-0.479514652,3.748398508,0.285042237,7.70609428,pak,
pakistan166.wav,0.448440942,0.174901664,958.2213647,1112.427824,1951.277915,0.060281776,-191.6453606,199.4602434,-39.49215374,50.44680112,-1.363802886,-2.474037849,28.48929232,-14.54280796,13.5167931,0.538913464,-11.73228997,10.98994034,-11.55556041,2.618433695,3.543461219,-10.36221608,8.687745265,-4.554410126,-2.414194217,3.994766384,pak,
pakistan167.wav,0.457003971,0.052981958,472.0730568,555.6536455,876.1665504,0.022124465,-361.483929,189.9082605,27.01863403,-4.678075113,10.10988899,6.344718334,2.361376959,-0.59674429,-2.778602225,-4.91445112,-6.499192069,-6.645095414,-7.9557814,-7.067504522,-6.406276685,-7.420550057,-7.943089636,-10.69498053,-11.98470022,-10.38589173,pak,
pakistan168.wav,0.372602773,0.090089433,1216.303938,1240.605067,2691.650391,0.080454249,-268.8372673,166.2651028,-47.27488358,59.20180935,12.63090649,-14.51976431,15.74611276,-6.824319913,8.409217742,1.991078257,9.883963317,13.32018886,-16.4400221,11.50678486,6.425191513,-14.95170155,6.019408943,-1.105699041,7.531546966,10.53564765,pak,
pakistan169.wav,0.386988197,0.085196435,1267.516013,1113.901274,2372.037718,0.095696833,-259.1762102,149.5400215,-51.23167394,42.02769485,4.047255258,-2.224608888,23.20420621,-15.32157148,8.630742531,-0.469678857,-9.716850354,18.74424763,-1.199969677,-0.964900275,1.177485749,-8.343354642,3.955080623,-1.788780574,6.149381661,4.278112287,pak,
pakistan170.wav,0.355699675,0.025276974,1672.948146,1202.03864,3075.426028,0.104714237,-346.3311426,138.8617326,-85.91929802,43.69660795,-9.363303615,-25.77017993,5.59290922,-25.66501095,22.39801531,12.57127715,-12.09394129,6.009316026,-15.36852449,-0.500295531,3.927246667,-1.943069697,18.17099497,-5.407627451,-7.909092857,4.106509722,pak,
pakistan171.wav,0.455150458,0.129469961,1381.225859,1323.839064,3010.701516,0.0806695,-166.6059709,191.8450068,-85.2740929,70.75125775,5.986026556,-6.179179381,38.3092239,-17.92628506,15.3626053,5.005914287,-8.894384461,18.64778511,-10.98627379,3.923274691,4.821131697,-13.37300036,7.890663618,-7.332245177,-3.818717864,4.335128511,pak,
pakistan172.wav,0.395732844,0.141613722,1566.505596,1345.509253,3165.380859,0.115349931,-157.2333857,187.6811064,-94.98022299,78.41459074,6.933176296,-7.63251134,38.4934749,-21.13135035,15.07865542,1.842866096,-11.71224886,20.96141965,-6.383990355,14.08142365,13.76929703,-8.890641777,9.500007663,-10.74881777,-5.635071795,2.788411138,pak,
pakistan173.wav,0.37177212,0.142468423,1052.746061,1203.955566,2428.7055,0.047712215,-194.2463988,173.3568405,-50.82233165,59.52856728,7.06931887,-1.410020133,35.38245157,-18.16728709,1.905216143,0.389653654,-14.63840283,7.029940751,-13.78894608,-8.909227538,-3.061535479,-12.56150722,2.312025032,-7.654722718,-7.526111457,-0.102189067,pak,
pakistan174.wav,0.496145656,0.109023184,1533.310034,1327.51734,3018.945086,0.096573195,-260.8135927,119.0147942,-33.32037484,53.1393279,1.560339348,-5.329879151,17.80136607,-14.04609822,12.81965357,2.242444161,-6.222747943,12.92571204,-4.612035422,5.376730847,2.019355715,-6.741538471,8.690827074,-3.034851565,3.04021098,5.114549809,pak,
pakistan175.wav,0.452826125,0.150975451,1566.586307,1395.411643,3307.844731,0.103094185,-151.4638059,181.4639799,-82.31132684,71.73634814,-9.70735862,-15.1827374,33.46156981,-24.3052867,15.28970372,3.981867044,-8.38572534,19.1696217,-12.53019602,4.928434039,2.967830921,-10.93474964,14.09550788,-5.819659388,0.315287152,4.903879878,pak,
pakistan176.wav,0.3361047,0.139890045,907.4275892,1174.048428,1943.883683,0.038280797,-223.1881107,166.5832374,-12.8145436,55.07254062,-3.902327294,-3.864434362,25.58284049,-4.3107442,24.70296553,4.607687251,-6.234528872,22.05582778,-4.637417559,-2.173250542,-1.658768865,-15.77081819,2.679311239,-0.653159881,1.363458764,-2.150237835,pak,
pakistan177.wav,0.275925954,0.072106622,1186.769092,1303.829393,2641.889207,0.057456315,-268.5229326,162.7983397,-39.7695046,64.23500158,4.164860746,-3.494009557,23.01143129,-26.71059625,0.654343096,-6.040135588,-12.38789272,13.32525943,-8.416424951,1.706359864,0.277377489,-8.490964181,9.739169009,-10.0134522,-8.610965572,-2.336161095,pak,
pakistan178.wav,0.322408661,0.12367823,1053.673123,1143.404022,2269.32982,0.051156241,-214.0059669,191.7750835,-52.91913302,62.46761862,4.421366038,-5.71606583,24.34329286,-22.95399437,8.448396502,-4.049502194,-13.03834968,15.36770023,-12.41218819,-1.222239253,1.598424905,-13.71405837,1.003807574,-12.82410805,-5.030355425,3.234407911,pak,
pakistan179.wav,0.212319533,0.053242013,684.5736422,822.7406824,1273.63151,0.037292905,-390.7106432,160.3961433,3.159960686,54.74647533,17.92277694,-8.727938312,-1.05977395,-16.18474276,7.497859121,0.482877844,-8.57614008,2.290308144,-23.38115071,-25.09754428,-11.84948785,-10.42721145,-0.989387614,-3.569285476,-2.944211188,-3.268845004,pak,
pakistan180.wav,0.301572367,0.117699876,640.9180893,958.9538601,1082.20583,0.027044664,-290.5845471,176.3495315,10.68801765,59.22265244,0.095969765,-3.444897329,22.64358985,-15.63954893,2.919213387,0.232104484,-4.03283547,16.32087789,-6.234694627,-5.122627966,-3.088797352,-12.90893797,0.493909503,-6.099339362,-1.671107325,3.180869718,pak,
pakistan181.wav,0.31428848,0.200284764,2689.20372,2596.700053,5726.208298,0.109412386,-78.61653298,65.27259058,20.92074518,63.56529655,-0.029805204,3.294401231,-22.49762299,3.356551256,-13.66246452,6.402438972,-4.011824729,-1.82620312,-10.1062944,-0.296598864,-10.57766543,-1.112352379,-8.230933949,-0.422646551,-1.810440192,0.379846309,pak,
pakistan182.wav,0.334599587,0.291514605,1746.531824,1871.292527,3527.823138,0.079538863,-36.58367842,120.3362937,-30.35082034,30.9793399,-14.47766371,5.445515618,-11.16097289,13.10424615,-4.474713631,6.607563428,2.162775295,1.434497976,-0.887083027,4.793891455,-3.349474054,4.044390508,-0.418661345,-5.315595357,-5.062056055,-5.305704427,pak,
pakistan183.wav,0.326049295,0.255049467,1847.728068,1970.333433,3733.063042,0.090188153,-50.60483815,115.108106,-22.06355999,26.618471,-16.83956043,9.040839455,-12.82657155,13.72956164,-1.572348572,4.897408783,-2.779899092,-0.419652687,-2.161774763,9.365540049,2.590576667,7.214563794,4.404571058,2.490594758,0.643775751,-7.164152191,pak,
pakistan184.wav,0.360133231,0.339755625,1675.619689,2025.891531,3579.208055,0.066623767,-40.23669112,122.0599334,-2.160758283,42.66526327,0.332678013,12.53477032,-11.04089354,9.987183295,-5.102605486,4.451220136,-9.470444875,-2.141510697,-3.475998063,-0.217135939,-8.126100083,-1.538433617,-7.329789204,-3.306627239,-6.016878288,0.836015862,pak,
pakistan185.wav,0.304642283,0.397814274,1792.468152,1922.332041,3538.939467,0.091400359,8.352718782,122.1799503,-25.69312578,41.03768251,0.18753637,4.857160497,-11.82586345,6.527355076,-12.8815347,1.626910032,-0.323401233,9.162883839,-2.959039758,-0.338903256,-7.905600444,-2.034329328,-9.812655857,0.342018354,-5.891145376,-2.3826777,pak,
pakistan186.wav,0.494098469,0.217657804,3322.064399,2626.34346,6363.236387,0.187202046,-54.91699181,40.29096781,12.44240905,69.77098529,1.499544994,12.04804333,-16.1490528,15.46658914,-5.482827727,13.04148754,-4.940166082,6.285938029,-7.202371939,4.662444484,-8.618311711,1.732847178,-12.54920962,-0.008382551,-7.358564422,3.231702482,pak,
pakistan187.wav,0.441954349,0.243684918,3016.501897,2484.322399,5866.049216,0.162359747,-54.13960888,44.37092593,2.759017913,81.74354224,8.564454986,11.88333368,-20.82237275,16.73271182,-3.565606118,9.890991368,-9.47686783,4.718211529,-8.357233704,1.791594836,-10.98316812,2.131305632,-10.40979589,0.19471672,-6.994043029,3.329809495,pak,
pakistani188,.wav,0.423375342,0.430318952,2877.796843,2827.322718,6384.469824,0.123177159,53.18355384,70.43123202,4.343362009,21.63422893,0.9393117,16.22053068,-4.682328976,1.69311681,-2.335723198,10.37385954,-2.111362005,3.672680571,-2.613076275,2.011447018,-2.25513951,0.102874335,-1.273162643,3.879182166,-4.91718153,7.289671693,pak
pakistani189.wav,0.312929057,0.231187865,1575.29337,1605.35796,3139.001437,0.085351789,-78.03762093,139.8545979,-45.15802319,39.54301778,-25.47025668,15.63398152,-8.702972958,9.302586784,-8.626500793,4.248314176,-10.21891785,1.556318309,-4.52615265,-4.486043031,-6.015655405,-3.76537571,-10.46054644,-5.773487877,-6.123353312,-2.007551019,pak,
pakistani190.wav,0.279873087,0.143973917,2557.311488,2387.561582,5625.411924,0.129053527,-122.6022577,102.9613635,-21.53311129,63.65356823,-38.54260892,50.09652976,-36.31694027,24.03002503,-29.3006335,16.01437464,-0.174823924,11.03223003,2.883822843,-0.871026758,8.50547211,-9.986587284,10.38213614,-11.95446843,9.088395176,-5.299740388,pak,
pakistani191.wav,0.279873087,0.143973917,2557.311488,2387.561582,5625.411924,0.129053527,-122.6022577,102.9613635,-21.53311129,63.65356823,-38.54260892,50.09652976,-36.31694027,24.03002503,-29.3006335,16.01437464,-0.174823924,11.03223003,2.883822843,-0.871026758,8.50547211,-9.986587284,10.38213614,-11.95446843,9.088395176,-5.299740388,pak,
pakistani192.wav,0.290575347,0.198224634,2043.7009,2423.008215,4681.198453,0.071312853,-121.9569796,108.8388907,25.89473896,21.93305353,17.77394324,4.860402605,-11.1339561,5.311309563,-6.705876886,-7.916972221,-7.881452236,-1.503876279,-5.70479739,-1.274601007,-6.390900351,-4.050801319,-5.556586783,0.566760073,-5.289097474,-3.508786962,pak,
pakistani193.wav,0.248122832,0.105272979,2497.05236,2255.520007,5257.224127,0.12898442,-168.3342146,98.71343168,-18.64416218,54.94008869,-38.5805406,35.34718161,-31.72827955,27.44936652,-14.38019316,18.87302631,0.471637772,2.966588543,-6.783282934,-7.783214192,5.291001609,-7.584083356,12.53894586,-10.00107949,15.56488189,5.291850111,pak,
pakistani194.wav,0.287016521,0.28595531,2238.553999,2737.310862,5290.548133,0.070477904,-57.57994656,98.39697289,29.35623113,18.30505599,12.43331334,5.934782191,-6.735597932,5.761751368,-10.98481378,-0.587929034,-11.81038295,1.188089092,-5.136017104,1.636770571,-4.277132994,-2.221151009,-6.206002804,0.29537134,-9.550159726,-3.306310493,pak,
pakistani195.wav,0.413415102,0.226777285,2989.891443,2896.231026,6691.480342,0.13991467,-1.59466697,69.27266801,3.875691606,23.79995247,12.0598656,9.052441171,-4.435614689,4.395341046,-12.14176404,-2.693830558,-1.794216404,3.961447439,-7.304586369,1.774539917,-6.116184227,4.463473874,-5.321469234,3.038417514,-3.046041579,-2.098906109,pak,
pakistani196.wav,0.429642553,0.214775577,2702.733279,2700.079143,5903.544967,0.129953052,-10.45560471,76.96686517,-4.486939074,27.21433404,9.826653256,8.801682044,-5.628792853,5.467975213,0.24593916,4.417327104,-5.123846188,3.11087634,-5.21535996,-0.470312486,-6.9287223,2.255115486,-3.928507338,3.011311402,-4.32822425,0.908017161,pak,
pakistani197.wav,0.333226828,0.231162116,1776.187423,1705.935865,3595.96998,0.106208536,-55.66444203,133.6644553,-49.13114583,45.75813511,-30.53394819,17.30548285,-10.51356191,13.26196847,-5.288489844,4.232745396,-4.769093927,3.425104461,-3.540561426,-3.91354101,-7.292096352,-2.46621776,-3.189796756,-2.688673128,-5.745977337,-6.307732501,pak,
pakistani198.wav,0.222917232,0.137813717,2653.312636,2270.59282,5071.194239,0.179357825,-154.1108095,67.47176217,-19.72803023,30.60423051,-16.36337278,0.924781726,-17.05357413,-3.57563921,-21.23090997,-2.42695671,-7.322111989,-0.631763629,-10.16320906,5.079848227,-12.00526356,-0.613906315,-8.169522725,12.18251981,-0.445027162,-0.865598615,pak,
pakistani199.wav,0.332540549,0.189465404,2393.116584,1942.429365,4426.272307,0.14522572,-52.13124139,92.47099971,-45.31317731,58.5435524,-20.46108818,15.04936633,-11.18985829,11.96780139,-16.49694587,1.399116255,-9.674564007,8.339064706,-4.955660917,12.9419562,-1.974172982,7.379420539,0.793108213,4.988960221,-1.036286838,8.409445553,pak,
pakistani200.wav,0.396331627,0.332118481,2905.273225,2882.304547,6503.452012,0.121046168,12.9907411,67.41337618,7.769851861,23.46292926,6.948873447,15.40851674,-4.224527109,1.366398683,-2.303411568,10.0652791,-2.533806907,5.331425303,-1.565651069,4.555692641,-3.663601319,-1.773751416,-3.680522173,2.446622115,-4.806113045,5.453367046,pak,
